Workbook

Sheet Overview
A1: Data Trust Score Framework — Version 2
A2: Internal Working Document | Data Trust Program | Warner Bros. Discovery
A4: 1. Purpose
A5: The Data Trust Score (DTS) is a standard way to measure how far we can trust a data asset. It answers a simple question: should I trust this data for a business decision? The score pulls together quality metrics, observability signals, governance records and user sentiment, then produces a single 0–100 score for each data element and a roll-up score for the dataset.
A6: Version 2 builds on the original 9-dimension model. It splits Data Quality measurement (business-owned) from Observability and Active Issues (both IT-owned), taking the model from 9 dimensions to 10. It also re-weights the framework around regulatory priorities and adds a DQ Measurement Layer for cases where we don't yet have end-to-end lineage back to a source system.
A8: 2. What Changed from v1?
A9: • Data Quality (v1: 6 DAMA dims, 30 pts) split into three dimensions: DQ / 5 DAMA dims (22 pts, Business-owned), Observability (12 pts, IT-owned), Active Issues (5 pts, IT-owned). Timeliness/Freshness moved out of DQ into Observability.
A10: • Classification, Privacy & Security raised from 8 → 12 pts to reflect growing regulatory obligations (GDPR, CCPA, WBD Security Policy).
A11: • Business Definitions lowered 11 → 9 pts; Usage lowered 8 → 5 pts; User Feedback lowered 4 → 3 pts.
A12: • Total weight unchanged at 100 pts.
A14: 3. DQ Measurement Layer (NEW in v2)
A15: When Informatica IDQ can't measure DQ at the source system (because we don't yet have end-to-end lineage), the framework takes a hybrid approach. It scores DQ from the most upstream layer available, then applies a DQ Confidence Factor to scale the raw score down.
... A37: • Roadmap to Certified (Sheet 8): Prioritised action items to close gaps.

Sheet Framework & Weights
A1: # | B1: Dimension | C1: Owner (Bus/IT/Both) | D1: Tier | E1: Weight (pts) | F1: Definition & What Is Measured | G1: High Score = | H1: Low-Score Risk / Change from v1
A2: CDE Multiplier: | B2: 2 | C2: ← Editable: CDE elements are multiplied by this factor in scoring tabs
A3: 1 | B3: Data Quality (5 DAMA dims) | C3: Business | D3: Quality | E3: 22 | F3: Measures: Completeness, Accuracy, Consistency, Validity, Uniqueness Scored via Informatica IDQ rules. Timeliness removed (→ Observability). | G3: All 5 DAMA dims passing IDQ thresholds; DQ rules defined and monitored at source. | H3: Data cannot be trusted for decisions; missing/inaccurate fields cause downstream errors. Change from v1: Split from 30-pt DQ (6 dims); Timeliness moved to Observability.
A4: 2 | B4: Data Observability (Freshness, Volume, Schema, Pipeline) | C4: IT | D4: Quality | E4: 12 | F4: Measures: Freshness/Timeliness, Volume anomalies, Schema drift, Pipeline health Monitored via IDQ / Snowflake monitoring. | G4: All 4 signals green; automated alerts in place; no anomalies. | H4: Stale, incomplete, or structurally drifted data reaching consumers without alerting. Change from v1: New dimension; Freshness/Timeliness migrated from DQ.
A5: 3 | B5: Active Issues (P1/P2 incidents, SLA breaches) | C5: IT | D5: Quality | E5: 5 | F5: Measures: Open P1/P2 incidents, SLA breaches, Unresolved pipeline failures. | G5: Zero open incidents; SLA consistently met. | H5: Unresolved quality issues are impacting downstream consumers. Change from v1: New dimension carved from operational signals.
A6: 4 | B6: Ownership & Stewardship | C6: Both | D6: Foundational | E6: 12 | F6: Measures: Data Owner, Data Steward, Data Custodian assigned. Tracked in APM / Collibra. | G6: All 3 roles assigned, active, and documented in Collibra. | H6: No accountability; escalations unresolved; data degrades without stewardship.
A7: 5 | B7: Authoritative Source & Certification | C7: Both | D7: Foundational | E7: 10 | F7: Measures: Is this the enterprise System of Record? Has it been certified? Tracked in Collibra. | G7: Enterprise-Certified Source of Truth (Gold certification in Collibra). | H7: Consumers may use incorrect or duplicated source; certification gap creates trust risk.
A8: 6 | B8: Data Lineage | C8: IT | D8: Foundational | E8: 10 | F8: Measures: End-to-end lineage from source to consumption, including transformations. Tracked in Collibra. | G8: Full column-level lineage including transformation logic documented. | H8: Impact analysis impossible; DQ remediation blindspot; confidence in provenance low.
A9: 7 | B9: Business Definitions / Glossary | C9: Business | D9: Trust | E9: 9 | F9: Measures: Business glossary term approved and linked to asset in Collibra. | G9: Approved, complete business definitions linked to all key attributes. | H9: Ambiguous terminology leads to misinterpretation; business adoption stalls. Change from v1: Weight reduced 11 → 9 pts.
A10: 8 | B10: Classification, Privacy & Security | C10: Both | D10: Protection | E10: 12 | F10: Measures: Data Classification, PII flag, Security classification, SPI flag. Explicit 'No' = full credit; only blank is penalised. | G10: All 4 determinations populated (Yes or No); security controls aligned. | H10: Regulatory exposure (GDPR, CCPA); security incidents; audit findings. Change from v1: Weight raised 8 → 12 pts (regulatory priority).
A11: 9 | B11: Usage | C11: Both | D11: Adoption | E11: 5 | F11: Measures: Number of consuming teams tracked in data catalog. | G11: 10+ teams actively using; catalog shows confirmed consumption. | H11: Low adoption may indicate trust gap or discoverability issue. Change from v1: Weight reduced 8 → 5 pts.
A12: 10 | B12: User Feedback | C12: Business | D12: Adoption | E12: 3 | F12: Measures: Structured positive feedback from data consumers via survey or catalog rating. | G12: Positive structured feedback from multiple consumer teams. | H12: Negative or absent feedback indicates undiscovered quality or usability issues. Change from v1: Weight reduced 4 → 3 pts.
B13: TOTAL | E13: =SUM(E3:E12) -> 100
A15: Note: Yellow cells are editable — change a weight or multiplier and every Scoring tab recalculates.

Sheet Scoring Rubrics
A1: Dimension | B1: 0% | C1: 25% | D1: 50% | E1: 75% | F1: 100% | G1: Source of Signal | H1: Notes
A2: Data Quality (5 DAMA dims) | B2: No DQ rules defined; not measured in IDQ | C2: ≥1 DAMA dim passing IDQ thresholds | D2: ~Half of dims pass (2-3 of 5) | E2: Most dims pass (4 of 5); minor thresholds missed | F2: All 5 DAMA dims pass IDQ thresholds | G2: Informatica IDQ | H2: Score multiplied by DQ Confidence Factor: 1.00 (Source), 0.90 (Bronze), 0.75 (Silver), 0.60 (Gold)
A3: Data Observability (Freshness, Volume, Schema, Pipeline) | B3: No monitoring; no freshness/volume/schema tracking | C3: Partial monitoring (1–2 of 4 signals active) | D3: Monitored with known gaps; some alerts missing | E3: Full monitoring; minor anomalies detected & resolved | F3: Full monitoring; all 4 signals green, no anomalies | G3: Informatica IDQ / Snowflake monitoring | H3: 4 signals: Freshness/Timeliness, Volume, Schema drift, Pipeline health
A4: Active Issues (P1/P2, SLA, Pipeline) | B4: Open P1 incident OR repeated SLA breach | C4: Open P2 incident under investigation | D4: Minor issues under investigation; no SLA breach | E4: Issues resolved recently; under observation period | F4: Zero open incidents; SLA consistently met | G4: IDQ / Incident Management system | H4: Score = 0% if any P1 open; override logic applies
A5: Ownership & Stewardship | B5: No roles assigned in APM / Collibra | C5: N/A | D5: 1–2 of 3 roles assigned (Owner, Steward, or Custodian) | E5: N/A | F5: All 3 roles (Owner + Steward + Custodian) assigned & active | G5: APM / Collibra | H5: Only 0%, 50%, 100% bands apply for this dimension
A6: Authoritative Source & Certification | B6: Source unknown; provenance undocumented | C6: Copied/derived from unknown lineage | D6: Derived from valid SoT but not documented as authoritative | E6: Identified as authoritative; not yet enterprise-certified | F6: Enterprise-Certified Source of Truth (Gold badge in Collibra) | G6: Collibra
A7: Data Lineage | B7: No lineage documented | C7: N/A | D7: Partial lineage (table-level or segment-only) | E7: Substantial lineage; minor gaps or missing transforms | F7: Full end-to-end lineage including column-level transforms | G7: Collibra | H7: Only 0%, 50%, 75%, 100% bands apply
A8: Business Definitions / Glossary | B8: No glossary term linked in Collibra | C8: N/A | D8: Definition present in Collibra but not approved by Business | E8: N/A | F8: Approved & complete business definition linked in Collibra | G8: Collibra | H8: Only 0%, 50%, 100% bands apply
A9: Classification, Privacy & Security | B9: None of 4 determinations populated | C9: 1 of 4 determinations populated | D9: 2 of 4 determinations populated | E9: 3 of 4 determinations populated | F9: All 4 determinations populated (explicit Yes or No) | G9: Collibra / Security team | H9: Score = populated determinations ÷ 4. 4 fields: Data Classification, PII flag, Security class, SPI flag. Explicit 'No' = full credit; blank only is penalised.
A10: Usage | B10: 0 teams using per catalog | C10: N/A | D10: 1–5 teams consuming | E10: 5–10 teams consuming | F10: 10+ teams actively consuming | G10: Data catalog usage tracking
A11: User Feedback | B11: No feedback OR net-negative feedback | C11: N/A | D11: Mixed feedback; some concerns raised | E11: N/A | F11: Positive structured feedback from multiple consumer teams | G11: Survey results / catalog ratings | H11: Only 0%, 50%, 100% bands apply

Sheet Trust Bands
A1: Trust Band | B1: Score Range | C1: Meaning | D1: Operational Guidance | E1: Typical Use Cases
A2: Certified | B2: ≥ 90 | C2: All dimensions at or near full score. DQ rules active at source, full lineage, certified SoT, all governance roles filled. | D2: Cleared for strategic decision-making, regulatory reporting, and executive dashboards without additional caveats.
A3: Trusted | B3: 75 – 89 | C3: High confidence across most dimensions. Minor gaps in lineage, definitions, or feedback. DQ monitoring active. | D3: Suitable for most business use cases. Document any known gaps as data caveats.
A4: Developing | B4: 60 – 74 | C4: Moderate gaps in at least 2–3 dimensions. DQ partially measured or measured at a non-source layer. Some governance artefacts missing. | D4: Usable with documented caveats and business owner sign-off. Not recommended for regulatory or financial reporting.
A5: Provisional | B5: 40 – 59 | C5: Significant gaps across multiple dimensions. DQ not reliably measured; ownership or lineage incomplete; open incidents likely. | D5: Use with extreme caution and mandatory human review. Escalate remediation plan to Data Steward.
A6: At Risk | B6: 0 – 39 | C6: Critical gaps across most dimensions. Open P1/P2 incidents, no DQ monitoring, no ownership, undocumented source. | D6: Do not use for decisions without explicit risk acceptance sign-off from data owner and business sponsor.

Sheet Score - STG_POSITION
A1: Data Trust Score — STG_POSITION_REPORT_VW
A2: DQ Measurement Layer: | C2: Not yet captured | D2: ← Select layer where DQ is measured
A3: DQ Confidence Factor: | C3: =IF(C2="Source",1,IF(C2="Bronze",0.9,IF(C2="Silver",0.75,IF(C2="Gold",0.6,1)))) -> 1 | D3: Auto-calculated from layer selection above
A4: CDE Multiplier: | C4: ='Framework & Weights'!E2 -> 0 | D4: Pulled from Framework & Weights sheet (editable there)
A5: Data Element | B5: Data Quality (×CF) | C5: Data Observability | D5: Active Issues | E5: Ownership & Stewardship | F5: Authoritative Source | G5: Data Lineage | H5: Business Definitions | I5: Classification /Privacy/Sec | J5: Usage | K5: User Feedback | L5: CDE? | M5: Crit × | N5: Element Score /100
A6: Weights → | B6: ='Framework & Weights'!E3 -> 22 | C6: ='Framework & Weights'!E4 -> 12 | D6: ='Framework & Weights'!E5 -> 5 | E6: ='Framework & Weights'!E6 -> 12 | F6: ='Framework & Weights'!E7 -> 10 | G6: ='Framework & Weights'!E8 -> 10 | H6: ='Framework & Weights'!E9 -> 9 | I6: ='Framework & Weights'!E10 -> 12 | J6: ='Framework & Weights'!E11 -> 5 | K6: ='Framework & Weights'!E12 -> 3 | L6: CDE? | M6: Crit × | N6: Element Score /100
A7: Cost Center | B7: =0*$C$3 -> 0 | C7: 0 | D7: 1 | E7: 0.5 | F7: 0.5 | G7: 0.5 | H7: 1 | I7: 0.25 | J7: 0 | K7: 1 | L7: No | M7: =IF(L7="Yes",$C$4,1) -> 1 | N7: =SUMPRODUCT(B7:K7,B6:K6)*M7 -> 36
A8: Business Unit | B8: =0*$C$3 -> 0 | C8: 0 | D8: 1 | E8: 0.5 | F8: 0.5 | G8: 0.5 | H8: 1 | I8: 0.25 | J8: 0 | K8: 1 | L8: No | M8: =IF(L8="Yes",$C$4,1) -> 1 | N8: =SUMPRODUCT(B8:K8,B6:K6)*M8 -> 36
A9: Company Division | B9: =0*$C$3 -> 0 | C9: 0 | D9: 1 | E9: 0.5 | F9: 0.5 | G9: 0.5 | H9: 1 | I9: 0.25 | J9: 0 | K9: 1 | L9: No | M9: =IF(L9="Yes",$C$4,1) -> 1 | N9: =SUMPRODUCT(B9:K9,B6:K6)*M9 -> 36
A10: Company Code | B10: =0*$C$3 -> 0 | C10: 0 | D10: 1 | E10: 0.5 | F10: 0.5 | G10: 0.5 | H10: 0 | I10: 0 | J10: 0 | K10: 1 | L10: No | M10: =IF(L10="Yes",$C$4,1) -> 1 | N10: =SUMPRODUCT(B10:K10,B6:K6)*M10 -> 24
A11: Direct Report Count | B11: =0*$C$3 -> 0 | C11: 0 | D11: 1 | E11: 0.5 | F11: 0.5 | G11: 0.5 | H11: 1 | I11: 0.25 | J11: 0 | K11: 1 | L11: No | M11: =IF(L11="Yes",$C$4,1) -> 1 | N11: =SUMPRODUCT(B11:K11,B6:K6)*M11 -> 36
A12: Job Family | B12: =0*$C$3 -> 0 | C12: 0 | D12: 1 | E12: 0.5 | F12: 0.5 | G12: 0.5 | H12: 1 | I12: 0.25 | J12: 0 | K12: 1 | L12: No | M12: =IF(L12="Yes",$C$4,1) -> 1 | N12: =SUMPRODUCT(B12:K12,B6:K6)*M12 -> 36
A13: Location Hierarchy | B13: =0*$C$3 -> 0 | C13: 0 | D13: 1 | E13: 0.5 | F13: 0.5 | G13: 0.5 | H13: 0 | I13: 0.25 | J13: 0 | K13: 1 | L13: No | M13: =IF(L13="Yes",$C$4,1) -> 1 | N13: =SUMPRODUCT(B13:K13,B6:K6)*M13 -> 27
A14: Mapped S4 Cost Center Code | B14: =0*$C$3 -> 0 | C14: 0 | D14: 1 | E14: 0.5 | F14: 0.5 | G14: 0.5 | H14: 0 | I14: 0.25 | J14: 0 | K14: 1 | L14: No | M14: =IF(L14="Yes",$C$4,1) -> 1 | N14: =SUMPRODUCT(B14:K14,B6:K6)*M14 -> 27
A15: P&C Partner | B15: =0*$C$3 -> 0 | C15: 0 | D15: 1 | E15: 0.5 | F15: 0.5 | G15: 0.5 | H15: 0 | I15: 0.25 | J15: 0 | K15: 1 | L15: No | M15: =IF(L15="Yes",$C$4,1) -> 1 | N15: =SUMPRODUCT(B15:K15,B6:K6)*M15 -> 27
A16: Primary Work Email | B16: =0*$C$3 -> 0 | C16: 0 | D16: 1 | E16: 0.5 | F16: 0.5 | G16: 0.5 | H16: 0 | I16: 0.25 | J16: 0 | K16: 1 | L16: No | M16: =IF(L16="Yes",$C$4,1) -> 1 | N16: =SUMPRODUCT(B16:K16,B6:K6)*M16 -> 27
A18: Dataset Average | B18: =AVERAGE(B7:B16) -> 0 | C18: =AVERAGE(C7:C16) -> 0 | D18: =AVERAGE(D7:D16) -> 1 | E18: =AVERAGE(E7:E16) -> 0.5 | F18: =AVERAGE(F7:F16) -> 0.5 | G18: =AVERAGE(G7:G16) -> 0.5 | H18: =AVERAGE(H7:H16) -> 0.5 | I18: =AVERAGE(I7:I16) -> 0.225 | ... K18: =AVERAGE(K7:K16) -> 1 | N18: =AVERAGE(N7:N16) -> 31.2
A19: Trust Band: | C19: =IF(N18>=90,"Certified",IF(N18>=75,"Trusted",IF(N18>=60,"Developing",IF(N18>=40,"Provisional","At Risk")))) -> At Risk

Sheet Score - STG_TRENDED
A1: Data Trust Score — STG_TRENDED_REPORT_VW
A2: DQ Measurement Layer: | C2: Not yet captured | D2: ← Select layer where DQ is measured
A3: DQ Confidence Factor: | C3: =IF(C2="Source",1,IF(C2="Bronze",0.9,IF(C2="Silver",0.75,IF(C2="Gold",0.6,1)))) -> 1 | D3: Auto-calculated from layer selection above
A4: CDE Multiplier: | C4: ='Framework & Weights'!E2 -> 0 | D4: Pulled from Framework & Weights sheet (editable there)
A5: Data Element | B5: Data Quality (×CF) | C5: Data Observability | D5: Active Issues | E5: Ownership & Stewardship | F5: Authoritative Source | G5: Data Lineage | H5: Business Definitions | I5: Classification /Privacy/Sec | J5: Usage | K5: User Feedback | L5: CDE? | M5: Crit × | N5: Element Score /100
A6: Weights → | B6: ='Framework & Weights'!E3 -> 22 | C6: ='Framework & Weights'!E4 -> 12 | D6: ='Framework & Weights'!E5 -> 5 | E6: ='Framework & Weights'!E6 -> 12 | F6: ='Framework & Weights'!E7 -> 10 | G6: ='Framework & Weights'!E8 -> 10 | H6: ='Framework & Weights'!E9 -> 9 | I6: ='Framework & Weights'!E10 -> 12 | J6: ='Framework & Weights'!E11 -> 5 | K6: ='Framework & Weights'!E12 -> 3 | L6: CDE? | M6: Crit × | N6: Element Score /100
A7: Age | B7: =0*$C$3 -> 0 | C7: 0 | D7: 1 | E7: 0.5 | F7: 0.5 | G7: 0.5 | H7: 0 | I7: 1 | J7: 0 | K7: 1 | L7: No | M7: =IF(L7="Yes",$C$4,1) -> 1 | N7: =SUMPRODUCT(B7:K7,B6:K6)*M7 -> 36
A8: Position ID | B8: =0*$C$3 -> 0 | C8: 0 | D8: 1 | E8: 0.5 | F8: 0.5 | G8: 0.5 | H8: 1 | I8: 0 | J8: 0 | K8: 1 | L8: No | M8: =IF(L8="Yes",$C$4,1) -> 1 | N8: =SUMPRODUCT(B8:K8,B6:K6)*M8 -> 33
A9: Pride LGBTQ+ | B9: =0*$C$3 -> 0 | C9: 0 | D9: 1 | E9: 0.5 | F9: 0.5 | G9: 0.5 | H9: 1 | I9: 0 | J9: 0 | K9: 1 | L9: No | M9: =IF(L9="Yes",$C$4,1) -> 1 | N9: =SUMPRODUCT(B9:K9,B6:K6)*M9 -> 33
A10: Ethnicity US | B10: =0*$C$3 -> 0 | C10: 0 | D10: 1 | E10: 0.5 | F10: 0.5 | G10: 0.5 | H10: 0 | I10: 1 | J10: 0 | K10: 1 | L10: No | M10: =IF(L10="Yes",$C$4,1) -> 1 | N10: =SUMPRODUCT(B10:K10,B6:K6)*M10 -> 36
A11: Gender | B11: =0*$C$3 -> 0 | C11: 0 | D11: 1 | E11: 0.5 | F11: 0.5 | G11: 0.5 | H11: 1 | I11: 1 | J11: 0 | K11: 1 | L11: No | M11: =IF(L11="Yes",$C$4,1) -> 1 | N11: =SUMPRODUCT(B11:K11,B6:K6)*M11 -> 45
A12: Job Title | B12: =0*$C$3 -> 0 | C12: 0 | D12: 1 | E12: 0.5 | F12: 0.5 | G12: 0.5 | H12: 1 | I12: 1 | J12: 0 | K12: 1 | L12: No | M12: =IF(L12="Yes",$C$4,1) -> 1 | N12: =SUMPRODUCT(B12:K12,B6:K6)*M12 -> 45
A13: Games Studio | B13: =0*$C$3 -> 0 | C13: 0 | D13: 1 | E13: 0.5 | F13: 0.5 | G13: 0.5 | H13: 1 | I13: 0 | J13: 0 | K13: 1 | L13: No | M13: =IF(L13="Yes",$C$4,1) -> 1 | N13: =SUMPRODUCT(B13:K13,B6:K6)*M13 -> 33
A14: Direct Report Names as of Date | B14: =0*$C$3 -> 0 | C14: 0 | D14: 1 | E14: 0.5 | F14: 0.5 | G14: 0.5 | H14: 1 | I14: 1 | J14: 0 | K14: 1 | L14: No | M14: =IF(L14="Yes",$C$4,1) -> 1 | N14: =SUMPRODUCT(B14:K14,B6:K6)*M14 -> 45
A15: Employee ID | B15: =0*$C$3 -> 0 | C15: 0 | D15: 1 | E15: 0.5 | F15: 0.5 | G15: 0.5 | H15: 1 | I15: 1 | J15: 0 | K15: 1 | L15: No | M15: =IF(L15="Yes",$C$4,1) -> 1 | N15: =SUMPRODUCT(B15:K15,B6:K6)*M15 -> 45
A16: Generation | B16: =0*$C$3 -> 0 | C16: 0 | D16: 1 | E16: 0.5 | F16: 0.5 | G16: 0.5 | H16: 1 | I16: 0 | J16: 0 | K16: 1 | L16: No | M16: =IF(L16="Yes",$C$4,1) -> 1 | N16: =SUMPRODUCT(B16:K16,B6:K6)*M16 -> 33
A18: Dataset Average | B18: =AVERAGE(B7:B16) -> 0 | C18: =AVERAGE(C7:C16) -> 0 | D18: =AVERAGE(D7:D16) -> 1 | E18: =AVERAGE(E7:E16) -> 0.5 | F18: =AVERAGE(F7:F16) -> 0.5 | G18: =AVERAGE(G7:G16) -> 0.5 | H18: =AVERAGE(H7:H16) -> 0.8 | I18: =AVERAGE(I7:I16) -> 0.6 | ... K18: =AVERAGE(K7:K16) -> 1 | N18: =AVERAGE(N7:N16) -> 38.4
A19: Trust Band: | C19: =IF(N18>=90,"Certified",IF(N18>=75,"Trusted",IF(N18>=60,"Developing",IF(N18>=40,"Provisional","At Risk")))) -> At Risk

Sheet Dataset Summary
A1: Data Trust Score — Dataset Summary & Comparison
A2: Dimension | B2: Tier | C2: Weight | D2: STG_POSITION Avg Score | E2: STG_TRENDED Avg Score | F2: Gap (Trended − Position) | G2: Notes
A3: Data Quality (×CF) | B3: Quality | C3: 22 | D3: ='Score - STG_POSITION'!B18 -> 0 | E3: ='Score - STG_TRENDED'!B18 -> 0 | F3: =E3-D3 -> 0
A4: Data Observability | B4: Quality | C4: 12 | D4: ='Score - STG_POSITION'!C18 -> 0 | E4: ='Score - STG_TRENDED'!C18 -> 0 | F4: =E4-D4 -> 0
A5: Active Issues | B5: Quality | C5: 5 | D5: ='Score - STG_POSITION'!D18 -> 1 | E5: ='Score - STG_TRENDED'!D18 -> 1 | F5: =E5-D5 -> 0
A6: Ownership & Stewardship | B6: Foundational | C6: 12 | D6: ='Score - STG_POSITION'!E18 -> 0.5 | E6: ='Score - STG_TRENDED'!E18 -> 0.5 | F6: =E6-D6 -> 0
A7: Authoritative Source | B7: Foundational | C7: 10 | D7: ='Score - STG_POSITION'!F18 -> 0.5 | E7: ='Score - STG_TRENDED'!F18 -> 0.5 | F7: =E7-D7 -> 0
A8: Data Lineage | B8: Foundational | C8: 10 | D8: ='Score - STG_POSITION'!G18 -> 0.5 | E8: ='Score - STG_TRENDED'!G18 -> 0.5 | F8: =E8-D8 -> 0
A9: Business Definitions | B9: Trust | C9: 9 | D9: ='Score - STG_POSITION'!H18 -> 0.5 | E9: ='Score - STG_TRENDED'!H18 -> 0.8 | F9: =E9-D9 -> 0.3
A10: Classification/Privacy/Sec | B10: Protection | C10: 12 | D10: ='Score - STG_POSITION'!I18 -> 0.225 | E10: ='Score - STG_TRENDED'!I18 -> 0.6 | F10: =E10-D10 -> 0.375
A11: Usage | B11: Adoption | C11: 5 | D11: ='Score - STG_POSITION'!J18 -> 0 | E11: ='Score - STG_TRENDED'!J18 -> 0 | F11: =E11-D11 -> 0
A12: User Feedback | B12: Adoption | C12: 3 | D12: ='Score - STG_POSITION'!K18 -> 1 | E12: ='Score - STG_TRENDED'!K18 -> 1 | F12: =E12-D12 -> 0
A13: OVERALL DATASET SCORE | D13: ='Score - STG_POSITION'!N18 -> 31.2 | E13: ='Score - STG_TRENDED'!N18 -> 38.4 | F13: =E13-D13 -> 7.2
A14: Trust Band | D14: =IF(D13>=90,"Certified",IF(D13>=75,"Trusted",IF(D13>=60,"Developing",IF(D13>=40,"Provisional","At Risk")))) -> At Risk | E14: =IF(E13>=90,"Certified",IF(E13>=75,"Trusted",IF(E13>=60,"Developing",IF(E13>=40,"Provisional","At Risk")))) -> At Risk

Sheet Roadmap to Certified
A1: Roadmap to Certified — Data Trust Score v2
A2: OPEN ITEM: Informatica IDQ, Snowflake, and Collibra are currently disconnected — automated signal ingestion is not yet active. All scores are manually assessed. Establishing end-to-end lineage to source systems is the highest-priority platform prerequisite.
A3: Priority | B3: Dimension | C3: Tier | D3: Current State | E3: Target State | F3: Action Required | G3: Source System / Tool
A4: 1 | B4: Data Quality (5 DAMA dims) | C4: Quality | D4: No IDQ rules defined; DQ not measured | E4: All 5 DAMA dims passing IDQ thresholds at source | F4: Define IDQ rules for Completeness, Accuracy, Consistency, Validity, Uniqueness. Connect IDQ to Workday/SAP source systems. | G4: Informatica IDQ (disconnected — open item)
A5: 2 | B5: Data Lineage | C5: Foundational | D5: No lineage documented in Collibra | E5: Full end-to-end column-level lineage | F5: Configure IDQ → Collibra lineage export. Map all ETL transforms from Workday/SAP → Snowflake Bronze → Silver → Gold. | G5: Collibra / Informatica IDQ (disconnected — open item)
A6: 3 | B6: Data Observability | C6: Quality | D6: No monitoring on freshness, volume, schema, or pipeline | E6: All 4 signals monitored with automated alerting | F6: Implement Snowflake monitoring for freshness/volume; configure schema change alerting; set up pipeline health dashboards in IDQ. | G6: Informatica IDQ / Snowflake (disconnected — open item)
A7: 4 | B7: Classification, Privacy & Security | C7: Protection | D7: Partial determinations; many fields blank | E7: All 4 determinations (Classification, PII, Security, SPI) populated for every element | F7: Conduct classification review workshop with Security and Privacy teams. Populate all fields in Collibra. Explicit 'No' counts as full credit. | G7: Collibra / Security team
A8: 5 | B8: Ownership & Stewardship | C8: Foundational | D8: Partial: no Custodian assigned for most elements | E8: All 3 roles (Owner + Steward + Custodian) assigned and active | F8: Assign IT Custodian role for each dataset. Update APM and Collibra. Confirm roles with HR Data Governance team. | G8: APM / Collibra
A9: 6 | B9: Authoritative Source & Certification | C9: Foundational | D9: Identified as derived from valid SoT but not certified | E9: Enterprise-Certified Source of Truth (Gold badge) | F9: Submit datasets for enterprise certification review. Document provenance in Collibra. Engage Data Governance Council for sign-off. | G9: Collibra
A10: 7 | B10: Business Definitions / Glossary | C10: Trust | D10: Definitions present for some elements but not approved | E10: Approved & complete definitions for all key elements | F10: Review and approve draft definitions with P&C business stakeholders. Link approved glossary terms to all data elements in Collibra. | G10: Collibra
A11: 8 | B11: Active Issues | C11: Quality | D11: No active incident tracking tied to data assets | E11: Zero open incidents; SLA met; incident tracking connected to catalog | F11: Integrate incident management system with Collibra/catalog. Define SLA thresholds for data freshness and pipeline failure. | G11: IDQ / Incident Management system
A12: 9 | B12: Usage | C12: Adoption | D12: 0 teams tracked in catalog | E12: 5–10+ teams actively consuming; usage tracked | F12: Enable catalog usage tracking. Promote datasets to P&C, Finance, and Analytics teams. Register consuming workflows in catalog. | G12: Data catalog (Collibra)
A13: 10 | B13: User Feedback | C13: Adoption | D13: No structured feedback mechanism | E13: Positive structured feedback from multiple teams | F13: Implement catalog feedback/rating feature. Conduct data quality survey with top consumers. Publish results quarterly. | G13: Survey / Collibra catalog ratings
